Name,ProductGroup,SKU,Barcode,MeasurementUnit,Cost,Markup,Price,Tax,IsTaxInclusivePrice,IsPriceChangeAllowed,IsUsingDefaultQuantity,IsService,IsEnabled,Description,Quantity,Supplier,ReorderPoint,PreferredQuantity,LowStockWarning,WarningQuantity
Jabon liquido Tipo Skip ,Hogar,1,2508012007409,Litro,334.717455168041,198.7594,1000.0,,0,0,0,0,1,,699.8,,,,,
Suavizante Tipo Vivere,Hogar,2,2508081741426,Litro,412.753680463089,142.2752,1000.0,,0,0,0,0,1,,422,,,,,
Detergente 10% (amarillo),Hogar,3,2508081755355,Litro,303.723628150506,130.4727,700.0,,0,0,0,0,1,,882.5,,,,,
Hipoclorito 10%,Hogar,4,,Litro,376.733308524151,112.3518,800.0,,0,0,0,0,1,,1657,,,,,
Desodorante de piso LAVANDA,Hogar,5,2508081747190,Litro,72.6,588.7052,500.0,,0,0,0,0,1,,65,,100,100,0,0
Combo 1 (Jabon 5lt + Suavizante 5lt),Combo,6,,Unidad,0,0,6500.0,,0,0,0,0,1,,9950,,20,20,0,0
Combo 2 (Detergente 10% 5lt + Lavandina 5lt + Desodorante 5lt),Hogar,7,,Unidad,0,0,6000.0,,0,0,1,0,0,,4,,20,0,0,0
Lavandina,Hogar,8,2508081754228,Litro,141.33,253.7819,500.0,,0,0,0,0,1,,862,,,,,
Escobillon Palermo,Escobas,9,7798048833720,Unidad,1407.33,0,2900.0,,0,0,1,0,1,,0,,18,0,1,5
Escoba moderna,Escobas,10,7798048833065,Unidad,1039.44,0,2080.0,,0,0,0,0,0,,0,,12,0,1,5
Trapo de piso consorcio gris,Hogar,11,7798349550029,Unidad,537.04,102.9644,1090.0,,0,0,0,0,0,,0,,12,0,1,5
Trapo de piso amarillo,Hogar,R336,,Unidad,602.8,0,1200.0,,0,0,1,0,0,,0,,12,0,1,5
Rejilla pabilo doble NUVIA,Cocina,12,7798413490077,Unidad,226.15,253.7475,800.0,,0,0,1,0,1,,2,,12,12,1,5
Franela MAKE,Hogar,13,7798092963985,Unidad,315.522352941176,375.4021,1500.0,,0,0,0,0,1,,15,,0,0,1,5
Cabo madera 120 cm,Escobas,R719,,Unidad,500.63,139.698,1200.0,,0,0,0,0,1,,-1,,0,0,1,5
Pack 10 bolsas - 50x70cm,Hogar,14,754697461247,Unidad,290.85,0,420.0,,0,0,1,0,0,,0,,0,0,1,5
Pack 10 bolsas - 60x90cm,Hogar,15,754697461223|7790458656692|7794459000287,Unidad,499.356015884942,200.3869,1500.0,,0,0,1,0,1,,24,,0,0,1,5
Pack 10 bolsas - 80x110cm,Hogar,16,754697461230|7798413499957,Unidad,871.83,129.4025,2000.0,,0,0,1,0,1,,16,,0,0,1,5
Esponja salvauña ok,Cocina,17,7791625001451,Unidad,210.24,0,300.0,,0,0,1,0,1,,-1,,,,,
Esponja acero chica 10gr,Cocina,18,7791625004025,Unidad,199.36,65.5297,330.0,,0,0,0,0,0,,0,,0,0,1,5
Esponja acero mediana 15gr,Cocina,19,7791625004636,Unidad,293.91,70.1201,500.0,,0,0,0,0,0,,-1,,,,,
Pala punta de goma,Hogar,20,7798164490104,Unidad,676.57,0,1200.0,,0,0,1,0,1,,5,,,,,
Guante de trabajo,Hogar,R235,,Unidad,698.7,0,1170.0,,0,0,1,0,1,,-8,,,,,
Guantes latex MAKE,Cocina,21,7798092962308,Unidad,978.18,104.4613,2000.0,,0,0,0,0,1,,4,,,,,
Aromatizante,Hogar,22,7798354180136,Unidad,2192,0,3600.0,,0,0,1,0,1,,0,,,,,
Esponja fibra ok,Cocina,23,7791625001420,Unidad,183.48,47.155,270.0,,0,0,0,0,0,,2,,,,,
Escobilla de baño con recipiente,Baño,24,7797160001017,Unidad,1594.23,0,2500.0,,0,0,1,0,1,,0,,,,,
Plumero poliester 20gr,Hogar,25,6985578503105,Unidad,1063.12,0,1520.0,,0,0,1,0,0,,0,,,,,
Mopa algodon MAKE ,Hogar,26,7798349550142|7798092965071,Unidad,1376.85,154.2034,3500.0,,0,0,0,0,1,,6,,,,,
Plumero nro 1,Hogar,R1046,,Unidad,2685.2,41.5165,3800.0,,0,0,0,0,0,,0,,,,,
Balde 10lts,Hogar,R513,,Unidad,1507,0,2510.0,,0,0,1,0,0,,0,,,,,
Canasto ropa corazon,Hogar,R110,,Unidad,3306.42,0,4720.0,,0,0,1,0,1,,0,,,,,
Cabo madera 130 cm,Escobas,R768,,Unidad,546.63,192.7026,1600.0,,0,0,0,0,1,,2,,,,,
Broche plastico x12,Hogar,27,7794867000015,Unidad,390.45,53.6688,600.0,,0,0,0,0,1,,3,,,,,
Combo trapeador plus,Hogar,R1286,7793071002457,Unidad,4960,202.4194,15000.0,,0,0,1,0,1,,0,,,,,
Pack 10 bolsas - 45x60cm,Hogar,28,754697461254|7790458656661,Unidad,228,338.5965,1000.0,,0,0,1,0,0,,0,,,,,
Escurridor para balde sina (repuesto azul),Hogar,29,,Unidad,574.75,0,830.0,,0,0,1,0,1,,8,,,,,
Balde de residuo vaiven 8lts,Hogar,30,7796119040084,Unidad,4541.25,43.1324,6500.0,,0,0,1,0,1,,2,,,,,
Balde de residuo tapa plana 12lts,Hogar,31,7794417222096,Unidad,2766.06,44.61,4000.0,,0,0,1,0,1,,0,,,,,
Rejilla amarillo multiuso 38x36cm,Cocina,32,,Unidad,214.885933014354,225.7542,700.0,,0,0,1,0,1,,14,,,,,
Rejilla algodón doble 37x30cm,Cocina,33,7794417223338,Unidad,150.04,0,300.0,,0,0,0,0,0,,0,,,,,
Trapo de piso  FIBRAN Clean,Hogar,34,7798136920998,Unidad,452.805,120.8456,1000.0,,0,0,1,0,1,,7,,,,,
Escobillon Coral 10cm,Escobas,35,7794417000359,Unidad,1355.2,0,2710.0,,0,0,1,0,1,,0,,,,,
Escobillon Ambar 8.5cm,Escobas,36,7794417000748,Unidad,2090.88,100.8724,4200.0,,0,0,0,0,1,,0,,,,,
Secador Sacchi 40cm,Secadores,37,7791624000028,Unidad,4980,50.6024,7500.0,,0,0,0,0,1,,6,,,,,
Secador negro sica 40cm,Secadores,38,7794417001141|7790925050008,Unidad,1237.83,142.3596,3000.0,,0,0,0,0,1,,12,,,,,
Secador negro sica 50cm,Secadores,39,7794417001172,Unidad,1833.15,99.1108,3650.0,,0,0,0,0,1,,0,,,,,
Secador negro sica 30cm,Secadores,40,7794417001110,Unidad,1121.67,100.5938,2250.0,,0,0,0,0,1,,0,,,,,
Sopapa goma negra,Hogar,41,7794417001202,Unidad,928.07,169.3762,2500.0,,0,0,0,0,1,,7,,,,,
Cabo sopapa madera,Hogar,42,,Unidad,350.9,0,500.0,,0,0,1,0,1,,0,,,,,
Pala plastico,Hogar,43,7794417221846,Unidad,494.89,0,900.0,,0,0,1,0,1,,3,,,,,
Lampazo mediano (cera),Hogar,44,7794417000519,Unidad,1812.58,0,2500.0,,0,0,1,0,1,,6,,,,,
Trapo soft sina blanco,Hogar,112,7794417222584,Unidad,453.75,208.5399,1400.0,,0,0,1,0,1,,6,,,,,
Creolina base Gasoil,Hogar,113,2509041113482,Litro,0,0,7000.0,,0,0,0,0,1,,12.7,,,,,
Quitamanchas (Trenet),Hogar,114,2509032021178,Litro,0,0,1500.0,,0,0,0,0,1,,3.5,,,,,
Cif crema,Hogar,115,2509041109065,Litro,0,0,2000.0,,0,0,0,0,1,,38,,,,,
Maxi rollo cocina 200 paños,Cocina,116,764571804346,Unidad,0,0,1600.0,,0,0,0,0,0,,0,,,,,
Hiper rollo cocina x3 (360 paños),Cocina,117,723540586734,Unidad,0,0,3500.0,,0,0,0,0,0,,0,,,,,
Maxi rollo cocina x 8,Cocina,118,736684229078,Unidad,0,0,12950.0,,0,0,0,0,1,,-1,,,,,
Hiper rollo cocina x8,Cocina,119,736684228934,Unidad,0,0,14410.0,,0,0,0,0,1,,1,,,,,
Papel higienico individual x80 mts,Baño,120,736684228842,Unidad,0,0,850.0,,0,0,0,0,0,,0,,,,,
Papel higienico individual x50 mts,Baño,121,763571804162,Unidad,0,0,700.0,,0,0,0,0,0,,0,,,,,
Papel higienico x10u (300 mts),Baño,122,736684229023,Unidad,0,0,5500.0,,0,0,0,0,0,,0,,,,,
Papel higienico x10u (500 mts),Baño,123,736684229016,Unidad,0,0,8000.0,,0,0,0,0,0,,0,,,,,
Papel higienico x10u (700 mts),Baño,124,736684229009,Unidad,0,0,11000.0,,0,0,0,0,0,,0,,,,,
Papel higienico x10u (900 mts),Baño,125,736684229047,Unidad,0,0,12750.0,,0,0,0,0,0,,0,,,,,
Papel higienico 4x30mts,Baño,126,736684229054,Unidad,0,0,1500.0,,0,0,0,0,0,,0,,,,,
Envio,Extras,127,,,0,0,2000.0,,0,0,1,0,1,,959,,,,,
Desincrustante/quitasarro (Acido),Hogar,128,,Litro,908,153.304,2300.0,,0,0,0,0,1,,55,,0,0,1,20
Desengrasante Mr Musc (Naranja),Cocina,129,2509041321276,Litro,0,0,1500.0,,0,0,0,0,1,,19,,0,0,1,20
Cera incolora,Hogar,130,2509041121470,Litro,0,0,1800.0,,0,0,0,0,1,,68,,0,0,0,5
Jabon liquido p/manos,Hogar,131,2509041305474,Litro,0,0,1500.0,,0,0,0,0,1,,36,,0,0,1,5
Limpiavidrio (liquido) ,Hogar,132,2509041127571,Litro,0,0,1500.0,,0,0,0,0,1,,124.5,,0,0,1,20
Extra,Extras,133,,,0,0,100.0,,0,0,0,0,1,,-89.5,,,,,
Fuenton x 30lts,Hogar,134,7494111001348,Unidad,0,0,6100.0,,0,0,1,0,1,,0,,,,,
Barrendero mediano calle (Escobillon),Escobas,135,7795513058879,Unidad,0,0,4000.0,,0,0,1,0,1,,2,,,,,
Cepillo Planchita gde,Hogar,136,7795513058078|7795513058978,Unidad,0,0,1500.0,,0,0,1,0,1,,1,,,,,
Escoba exterior,Escobas,137,7795513058930|7798143244063,Unidad,0,0,4200.0,,0,0,0,0,1,,4,,,,,
Pala c/cabo Premium,Hogar,138,798092967945,Unidad,0,0,3700.0,,0,0,0,0,0,,0,,,,,
Esponja con fibra MAKE,Cocina,139,7798092968058|7798092964043,Unidad,0,0,600.0,,0,0,0,0,1,,22,,,,,
Esponja MAKE grande,Cocina,140,7798092962285|7798092967280,Unidad,0,0,1000.0,,0,0,0,0,1,,1,,,,,
Pulverizador x 750ml Make,Hogar,141,7798092962216,Unidad,1176.94805194805,69.931,2000.0,,0,0,1,0,1,,9,,,,,
Detergente 15% (verde),Cocina,142,,Litro,0,0,600.0,,0,0,0,0,0,,0,,,,,
Detergente 20% (Verde),Cocina,143,2508081755133,Litro,0,0,1000.0,,0,0,0,0,1,,-311.8,,,,,
Perfumina,Hogar,144,2509041921117,Litro,0,0,3500.0,,0,0,0,0,1,,1,,,,,
Combo 3 (Deter 20% + Lavand + Des. Piso),Combo,145,,unidad,0,0,7500.0,,0,0,1,0,1,,34,,,,,
Escurridor platos,Cocina,146,,Unidad,0,0,3500.0,,0,0,1,0,1,,0,,,,,
Cloro liquido (pileta),Pileta,147,2509032011575,Litro,0,0,600.0,,0,0,0,0,1,,135,,,,,
Bidon,Extras,148,,Unidad,0,0,500.0,,0,0,0,0,1,,858,,,,,
Lavandina Ropa Color,Hogar,149,2509041920431,Litro,0,0,1500.0,,0,0,0,0,1,,13,,,,,
Lavandina Ropa Blanca,Hogar,150,2509041920394,Litro,0,0,1500.0,,0,0,0,0,1,,107,,,,,
Lavandina en Gel,Hogar,151,2509041920462,Litro,0,0,1500.0,,0,0,0,0,1,,27,,,,,
Saphirus Home Spray 500 ml,Hogar,152,,Unidad,0,0,5200.0,,0,0,0,0,0,,0,,,,,
Saphirus Textil 250 ml,Hogar,153,7798184680912|7798184680189|7798184680905|7798184681261|7798184681490|7798184680868|7798184680066|7798184680011|7798184680080|7798184684255|7798184683838|7798184684927,Unidad,0,0,4000.0,,0,0,1,0,1,,11,,,,,
Saphirus Difusor,Hogar,154,7798184680691|7798184680738|7798184681032|7798184681346|7798184680790|7798184682374,Unidad,0,0,5500.0,,0,0,1,0,1,,4,,,,,
Saphirus mini 60ml,Hogar,155,,Unidad,0,0,2400.0,,0,0,0,0,0,,0,,,,,
Sahumerio x 15 un,Hogar,156,8906058697297|8906058697198|8906037224193|8906037224926|8906037222076,Unidad,0,0,1300.0,,0,0,0,0,1,,1,,,,,
H2O Plus Pileta,Pileta,157,,Unidad,0,0,5400.0,,0,0,0,0,1,,0,,,,,
Citronela para ambiente concentrado,Hogar,158,,Unidad,0,0,4000.0,,0,0,1,0,1,,5,,,,,
Bicarbonato de sodio x 100gr,Hogar,159,2509041919428,Unidad,0,0,800.0,,0,0,0,0,1,,-47,,,,,
Balde 11 lts,Hogar,160,7793071001818,Unidad,0,0,3100.0,,0,0,0,0,1,,1,,,,,
Fuenton x 20lts,Hogar,161,7794111001300,Unidad,0,0,5000.0,,0,0,0,0,1,,0,,,,,
Plumero de lana,Hogar,162,2509041921162,Unidad,0,0,5000.0,,0,0,0,0,1,,1,,,,,
Cabo madera 150 cm,Hogar,163,,Unidad,0,0,2000.0,,0,0,0,0,1,,5,,,,,
Cepillo p/uña,Hogar,164,7798143244261,Unidad,0,0,1600.0,,0,0,0,0,1,,2,,,,,
Cepillo lava zapatilla,Hogar,165,7798092964944,Unidad,0,0,3600.0,,0,0,0,0,1,,2,,,,,
Limpiavidrio 30cm,Hogar,166,,Unidad,0,0,4700.0,,0,0,0,0,0,,-1,,,,,
Barre Hoja,Hogar,167,,Unidad,0,0,1400.0,,0,0,0,0,0,,0,,,,,
Repelente Citronella x250ml,Hogar,168,,Unidad,0,0,5500.0,,0,0,1,0,1,,5,,,,,
Blem Lustramueble 360 cc,Hogar,169,7790520028877|7790520028747,Unidad,0,0,4000.0,,0,0,0,0,1,,7,,,,,
Ayudin desinfectante 332 cc,Hogar,170,,Unidad,0,0,2300.0,,0,0,1,0,1,,0,,,,,
Lysoform desinfectante 285 cm3,Hogar,171,,Unidad,0,0,2800.0,,0,0,0,0,1,,0,,,,,
Pasta dental Oral-B Extra Blanco 150gr,Hogar,172,,Unidad,0,0,4500.0,,0,0,0,0,0,,0,,,,,
Boya dosificadora para pileta,Pileta,173,,Unidad,0,0,3200.0,,0,0,1,0,0,,0,,,,,
Saca hojas para pileta,Pileta,174,,Unidad,3950,64.557,6500.0,,0,0,1,0,1,,1,,,,,
Pastillas cloro triple accion 200 gr,Pileta,175,2509041922152,Unidad,0,0,2500.0,,0,0,0,0,1,,-12,,,,,
Cloro granulado 1kg,Pileta,176,2509041922114,kilos,0,0,9500.0,,0,0,0,0,1,,-1,,,,,
Destapa cañerias x 500ml,Hogar,177,,Unidad,0,0,2500.0,,0,0,0,0,1,,0,,,,,
Pack 30 bolsas - 45x60 cm,Hogar,178,,Unidad,0,0,1000.0,,0,0,0,0,0,,0,,,,,
Espiral X5,Hogar,179,7792389081277,Unidad,0,0,1000.0,,0,0,1,0,1,,37,,,,,
CIF ultra brillo Lavanda,Hogar,180,,Unidad,0,0,3500.0,,0,0,1,0,1,,0,,,,,
Insecticida X5 Mata Mosca y mosquitos,Venenos,181,7792389000551,Unidad,0,0,3600.0,,0,0,1,0,1,,9,,,,,
Insecticida X5 Max Cucarachas,Venenos,182,,Unidad,0,0,4200.0,,0,0,1,0,1,,0,,,,,
Jabon Pan ALA 200 gr,Hogar,183,7791290793453,Unidad,0,0,1400.0,,0,0,0,0,1,,13,,,,,
Jabon Pan ARGENTINO 2x200gr,Hogar,184,,Unidad,0,0,1200.0,,0,0,0,0,0,,0,,,,,
Jabon tocador ST TROPEZ 125gr,Hogar,185,,Unidad,0,0,600.0,,0,0,1,0,0,,0,,,,,
Jabon tocador LUX 125gr,Hogar,186,,Unidad,0,0,900.0,,0,0,1,0,0,,0,,,,,
Jabon tocador REXONA 125gr,Hogar,187,,Unidad,0,0,850.0,,0,0,1,0,0,,0,,,,,
Pastillas inodoro JARDIN 25gr,Baño,188,,Unidad,0,0,1050.0,,0,0,0,0,0,,0,,,,,
Trapo de piso MEDIA NARANJA compacto G,Hogar,189,7798136921742,Unidad,0,0,2000.0,,0,0,1,0,0,,0,,,,,
Trapo de piso MEDIA NARANJA,Hogar,190,,Unidad,0,0,1850.0,,0,0,0,0,0,,0,,,,,
Trapo de piso LA PONDEROSA compacto,Hogar,191,7798136921803,Unidad,0,0,1400.0,,0,0,1,0,0,,0,,,,,
Trapo de pido LA PONDEROSA,Hogar,192,,Unidad,0,0,1400.0,,0,0,0,0,0,,0,,,,,
SUIZA Autobrillo 400 ml,Hogar,193,7790613071087|7790613071100,Unidad,0,0,2600.0,,0,0,1,0,1,,2,,,,,
Sulfato de Aluminio,Pileta,194,2509041922190,Kilo,0,0,4000.0,,0,0,0,0,1,,18.5,,,,,
Cera Roja,Hogar,195,2509041121401,Litro,0,0,1500.0,,0,0,0,0,1,,14,,,,,
Shampoo pelo,Hogar,196,2509041921322,Litro,0,0,1500.0,,0,0,0,0,1,,8,,,,,
Crema de enjuague,Hogar,197,2509041920097,Litro,0,0,1500.0,,0,0,0,0,1,,20,,,,,
Liquido lampazo,Hogar,198,2509041920509,Litro,0,0,2300.0,,0,0,0,0,1,,9,,,,,
Shampoo ciliconado Auto,Auto,199,2509041918124,Litro,0,0,1500.0,,0,0,0,0,1,,928,,,,,
Caucho premium Auto,Auto,200,2509041917561,Litro,0,0,3500.0,,0,0,0,0,1,,-0.5,,,,,
Insecticida Mata mosca y mosquitos EFECTO,Venenos,201,7796679000269,Unidad,0,0,3000.0,,0,0,1,0,1,,8,,,,,
Jabon en polvo ALA mano c/bicarb,Hogar,202,7791290791732,Unidad,0,0,950.0,,0,0,1,0,1,,8,,,,,
Jabon en polvo ALA matic c/bicarb,Hogar,203,7791290791763,Unidad,0,0,950.0,,0,0,1,0,1,,5,,,,,
Virulana DEA,Hogar,204,,Unidad,0,0,650.0,,0,0,0,0,0,,0,,,,,
Esponja de acero DEA,Hogar,205,,Unidad,0,0,350.0,,0,0,0,0,0,,0,,,,,
Talco EFFICIENT 100gr,Hogar,206,,Unidad,0,0,1800.0,,0,0,1,0,1,,0,,,,,
Algodón DONCELLA 70gr,Hogar,207,,Unidad,0,0,650.0,,0,0,1,0,1,,1,,,,,
Desinfectante CIF 280gr,Hogar,208,7791290795778|7791290795792|7791290795785,Unidad,0,0,3200.0,,0,0,1,0,1,,4,,,,,
Desodorante REXONA hombre 150ml,Hogar,209,,Unidad,0,0,3000.0,,0,0,1,0,1,,0,,,,,
Desodorante REXONA mujer 150ml,Hogar,210,,Unidad,0,0,2700.0,,0,0,1,0,1,,0,,,,,
CIF bio crema 375gr,Hogar,211,7791290794238|7791290793385,Unidad,0,0,2200.0,,0,0,1,0,1,,1,,,,,
Amonio cuaternario,Hogar,212,,Unidad,0,0,4500.0,,0,0,0,0,1,,0,,,,,
Desengrasante Industrial,Hogar,213,2509041321306,Unidad,0,0,1500.0,,0,0,0,0,1,,94,,,,,
Silicona Premium,Auto,214,2509041918216,Litro,0,0,3300.0,,0,0,0,0,0,,6,,,,,
Clarificante,Pileta,215,2509041922077,Litro,0,0,3500.0,,0,0,0,0,1,,14,,,,,
Desengrasante gel,Hogar,216,2509041321337,Litro,0,0,1500.0,,0,0,0,0,1,,9,,,,,
Veneno Veloctrina ULTRA,Venenos,217,,Unidad,0,0,7000.0,,0,0,0,0,1,,-3,,,,,
Veneno Veloctrina PLUS,Venenos,218,,Unidad,0,0,7000.0,,0,0,0,0,1,,-1,,,,,
Esponja Extralimp Antihaderente,Cocina,219,,Unidad,0,0,800.0,,0,0,0,0,1,,-2,,,,,
Esponja Lava auto,Auto,220,7798059384693,Unidad,0,0,1000.0,,0,0,0,0,1,,4,,,,,
COMBO ROPA (5lts jabon + 1lt lav RP o RC + 1lt Quitam),Combo,221,,unidad,0,0,5000.0,,0,0,1,0,1,,81,,,,,
COMBO AUTO (5lts shampoo + 500ml silicona + 500ml caucho),Auto,222,,Unidad,0,0,7500.0,,0,0,1,0,0,,97,,,,,
COMBO COCINA (5lts det 20% + 1lt deseng + 1 rejilla),Combo,223,,Unidad,0,0,5000.0,,0,0,1,0,1,,99,,,,,
COMBO BAÑO (5lts lavand + 1lt lav gel + 1lt CIF crema + 1 past inodoro),Combo,224,,Unidad,0,0,4500.0,,0,0,1,0,1,,97,,,,,
Vinagre de alcohol,Hogar,225,,Unidad,0,0,1500.0,,0,0,0,0,1,,-41,,,,,
Rollo Film 5mts,Hogar,226,,Unidad,0,0,2200.0,,0,0,0,0,1,,1,,,,,
Rollo Papel Aluminio 5mts,Hogar,227,,Unidad,0,0,2400.0,,0,0,0,0,1,,0,,,,,
Rollo Papel Manteca 15mts,Hogar,228,,Unidad,0,0,3000.0,,0,0,0,0,1,,1,,,,,
Vaso platico descartable 500cc x 10 un,Descartables,229,,Unidad,0,0,1500.0,,0,0,0,0,1,,0,,,,,
Vaso platico descartable 300cc x10 un,Descartables,230,,Unidad,0,0,1000.0,,0,0,0,0,1,,20,,,,,
Bandeja plastica 103 x5 un,Descartables,231,,Unidad,0,0,600.0,,0,0,0,0,1,,20,,,,,
Plato plastico 17cm blanco x10 un,Descartables,232,,Unidad,0,0,1200.0,,0,0,0,0,1,,0,,,,,
Plato plastico 17cm blanco x 50 un,Descartables,233,,Unidad,0,0,4800.0,,0,0,0,0,1,,0,,,,,
Cuchara platico blanca x 10 un,Descartables,234,,Unidad,0,0,500.0,,0,0,0,0,1,,0,,,,,
Cuchara platico blanca x 50 un,Descartables,235,,Unidad,0,0,1500.0,,0,0,0,0,1,,0,,,,,
Cuchara platico sopera x 10 un,Descartables,236,,Unidad,0,0,700.0,,0,0,0,0,1,,20,,,,,
Cuchara platico sopera x25 un,Descartables,237,,Unidad,0,0,1500.0,,0,0,0,0,1,,0,,,,,
Tenedor plastico blanco x10 un,Descartables,238,,Unidad,0,0,500.0,,0,0,0,0,1,,0,,,,,
Tenedor plastico blanco x 50 un,Descartables,239,,Unidad,0,0,2800.0,,0,0,0,0,1,,0,,,,,
Cuchillo Plastico cristal x25 un,Descartables,240,,Unidad,0,0,2800.0,,0,0,0,0,1,,0,,,,,
Cuchara plastico plateada x 20 un,Descartables,241,,Unidad,0,0,1200.0,,0,0,0,0,1,,0,,,,,
Servilleta de papel ELEGANTE 30x30cm x 20un,Descartables,242,,Unidad,0,0,800.0,,0,0,0,0,1,,0,,,,,
Servilleta Tissue Rojo 24x24cm x25 un,Descartables,243,,Unidad,0,0,3500.0,,0,0,0,0,1,,2,,,,,
Servilleta Tissue Verde 24x24cm x25un,Descartables,244,,Unidad,0,0,3500.0,,0,0,0,0,1,,2,,,,,
Bandeja Pet Bisagra 142,Descartables,245,,Unidad,0,0,350.0,,0,0,0,0,1,,0,,,,,
Bandeja rectangular plata N1 14x19cm,Descartables,246,,Unidad,0,0,600.0,,0,0,0,0,1,,0,,,,,
Bandeja plastica 105 x 5un,Descartables,247,,Unidad,0,0,1300.0,,0,0,0,0,1,,20,,,,,
Papel HIGIENOL 4x30mts,Baño,248,,Unidad,0,0,1800.0,,0,0,0,0,0,,0,,,,,
Paño microfibra 30x30cm,Auto,249,7792993337128,Unidad,0,0,1700.0,,0,0,1,0,0,,-1,,,,,
Limpia techo bochita,Hogar,250,7798143244117,Unidad,0,0,3300.0,,0,0,0,0,1,,0,,,,,
Perfumina MASPLUS,Hogar,251,,Unidad,0,0,2500.0,,0,0,0,0,0,,0,,,,,
Veneno Cipermetrina,Hogar,252,2509041921483,Litro,0,0,1000.0,,0,0,0,0,0,,13,,,,,
Balde 10Lts MAKE Negro,Hogar,253,7798092969345,Unidad,0,0,3200.0,,0,0,0,0,1,,0,,,,,
Balde 13Lts con escurridor,Hogar,254,7793071001887,Unidad,0,0,7100.0,,0,0,1,0,1,,1,,,,,
Rejilla MAKE Auto 50x55,Auto,255,7798092964005,Unidad,0,0,3500.0,,0,0,1,0,1,,1,,,,,
Escoba Americana ERPEN (chica) c/cabo,Escobas,256,7795513058893,Unidad,1600,100,3200.0,,0,0,1,0,1,,5,,,,,
Escoba Recta ERPEN c/cabo,Escobas,257,,Unidad,0,0,3200.0,,0,0,0,0,0,,0,,,,,
Repasador estampado,Cocina,258,,Unidad,0,0,1000.0,,0,0,0,0,1,,5,,,,,
Repasador x2,Cocina,259,,Unidad,0,0,2500.0,,0,0,0,0,1,,0,,,,,
Saphirus Aceite,Hogar,260,7798184681858,Unidad,0,0,2900.0,,0,0,0,0,1,,1,,,,,
Saphirus Aerosol Aromatizante,Hogar,261,7798184680684|7798184680387|7798184680646|7798184680226|7798184680622,Unidad,0,0,5500.0,,0,0,1,0,1,,2,,,,,
Sahumerio x 20 un,Hogar,262,,Unidad,0,0,1300.0,,0,0,0,0,0,,0,,,,,
Aceite Ambar,Hogar,263,77983626|77983527|77983695|77983503|77983619|77983657|77983565|77983534,Unidad,0,0,2100.0,,0,0,1,0,1,,5,,,,,
Detergente Magistral Limón,Cocina,264,,Litro,0,0,1200.0,,0,0,0,0,0,,24,,,,,
Apresto Plancha Fácil,Hogar,265,2509041919329,Litro,0,0,1000.0,,0,0,0,0,1,,10,,,,,
Echo en balde,Hogar,266,2509041920202,Litro,0,0,1500.0,,0,0,0,0,1,,36,,,,,
Alguicida,Pileta,267,2509041922046,Litro,0,0,5000.0,,0,0,0,0,1,,17,,,,,
Cepillo para piso duro,Hogar,268,7795513058954,Unidad,0,0,3900.0,,0,0,1,0,1,,1,,,,,
Rejillla Americana 42x38cm,Hogar,269,,Unidad,0,0,600.0,,0,0,0,0,1,,0,,,,,
Desodorante ambiente POET,Hogar,270,7793253004262,Unidad,0,0,2800.0,,0,0,0,0,1,,0,,,,,
Quita bichos (autos),Auto,271,2509041918070,Litros,0,0,2000.0,,0,0,0,0,1,,0,,,,,
Limpia tapizado,Auto,272,2509041918032,Litro,0,0,1800.0,,0,0,0,0,1,,-1,,,,,
Limpia llantas,Auto,273,2509041918001,Litro,0,0,2000.0,,0,0,0,0,1,,9,,,,,
Jeringa Cucarachicida 6gr,Hogar,274,7798101550045,Unidad,0,0,4000.0,,0,0,1,0,1,,-1,,,,,
Estacion de Cebado (cucarachicida),,275,7798101550366,Unidad,0,0,3400.0,,0,0,0,0,0,,0,,,,,
Jeringa Hormiguicida 6gr,Hogar,276,7798101550052,Unidad,0,0,4000.0,,0,0,1,0,1,,4,,,,,
Raticida x10,Hogar,277,,Unidad,0,0,4500.0,,0,0,0,0,1,,0,,,,,
Filtro Resumidero GELTEK 12x12,Hogar,278,,Unidad,0,0,2000.0,,0,0,0,0,1,,-1,,,,,
Filtro Resumidero GELTEK 15x15,Hogar,279,,Unidad,0,0,2500.0,,0,0,0,0,1,,1,,,,,
Veneno cucaracha Chino,Venenos,280,6948926230375,Unidad,0,0,500.0,,0,0,0,0,1,,24,,,,,
Mopa 30cm,Hogar,281,,Unidad,0,0,11200.0,,0,0,0,0,1,,0,,,,,
Mopa 40cm,Hogar,282,,Unidad,0,0,14300.0,,0,0,0,0,1,,0,,,,,
Mopa 60cm,Hogar,283,,Unidad,0,0,17700.0,,0,0,0,0,1,,0,,,,,
Mopa 80cm,Hogar,284,,Unidad,0,0,21500.0,,0,0,0,0,1,,1,,,,,
Mopa 100cm,Hogar,285,,Unidad,0,0,25000.0,,0,0,0,0,1,,1,,,,,
Toalla intercalada LUXE Beige cod. 2081,Profesional,,,Unidad,0,0,7500.0,,0,0,0,0,1,,0,,,,,
Toalla intercadala LUXE  Blanca cod. 2112,Profesional,,,Unidad,0,0,10500.0,,0,0,0,0,0,,1,,,,,
Toalla intercadada SAUCO Beige cod. 1101,Profesional,,,Unidad,0,0,10000.0,,0,0,0,0,1,,-1,,,,,
Papel Higienico ELEGANTE 4x80mts,Hogar,,7793344904228,Unidad,0,0,4200.0,,0,0,1,0,1,,2,,,,,
Papel Higienico SAUCO 8x300mts cod.304,Profesional,,,Unidad,0,0,14500.0,,0,0,0,0,1,,0,,,,,
Papel Higienico Blanco 8x300 mts cod. 306,Profesional,,,Unidad,0,0,10500.0,,0,0,0,0,1,,-1,,,,,
Papel Higienico Blanco 8x300 mts cod. 300,Profesional,,,Unidad,0,0,8000.0,,0,0,0,0,1,,0,,,,,
Caucho base gel Auto,Auto,286,2509041917530,Litro,0,0,5000.0,,0,0,0,0,1,,2.5,,,,,
Silicona Gel Perfumada Auto,Auto,287,2509041918155,Litro,0,0,5000.0,,0,0,0,0,1,,4,,,,,
Detergente CIF 300 ml,Cocina,,7791290794108,Unidad,0,0,1800.0,,0,0,1,0,1,,6,,,,,
Detergente CIF 500 ml,Cocina,,7791290794061,Unidad,0,0,3000.0,,0,0,1,0,1,,6,,,,,
Detergente CIF Repuesto 450 ml,Cocina,,7791290794092,Unidad,0,0,3000.0,,0,0,1,0,1,,4,,,,,
CIF Baño Expert Repuesto 450 ml,Baño,,7791290795600,Unidad,0,0,1600.0,,0,0,1,0,1,,6,,,,,
CIF Baño Expert Gatillo 500 ml,Baño,,7791290795594,Unidad,0,0,2900.0,,0,0,1,0,1,,10,,,,,
Jabon liquido ALA Camellito Ropa Fina 450 ml,Ropa,,7791290795280,Unidad,0,0,2200.0,,0,0,1,0,1,,3,,,,,
Suavizante VIVERE 3 lts,Ropa,,7791290793743,Unidad,0,0,7800.0,,0,0,0,0,1,,6,,,,,
Suavizante COMFORT 3 lts,Ropa,,7791290793675,Unidad,0,0,10200.0,,0,0,0,0,1,,4,,,,,
Suavizante VIVERE 3 lts Botellon,Ropa,,7791290793866,Unidad,0,0,9200.0,,0,0,0,0,1,,3,,,,,
Suavizante VIVERE 900 ml,Ropa,,7791290793729,Unidad,0,0,2300.0,,0,0,0,0,1,,5,,,,,
Detergente ALA concentrado 500 ml,Cocina,,7791290794320|7791290794283,Unidad,0,0,1900.0,,0,0,0,0,1,,5,,,,,
Jabon liquido SKIP 800 ml,Ropa,,7791290792814,Unidad,0,0,2700.0,,0,0,1,0,1,,0,,,,,
Jabon liquido ALA 800 ml,Ropa,,7791290794634,Unidad,0,0,1900.0,,0,0,1,0,1,,3,,,,,
Jabon liquido GRANBY 800 ml,Ropa,,7791290795143,Unidad,0,0,1400.0,,0,0,1,0,1,,2,,,,,
Destapacañeria PLOMERO LIQUIDO 1Lt,Hogar,288,7790132009158,Unidad,0,0,6000.0,,0,0,1,0,1,,1,,,,,
Limpia inodoros HARPIC 500 ml,Baño,,7791130681414,Unidad,0,0,4700.0,,0,0,0,0,1,,-2,,,,,
Quitamancha VANISH Pre lavado 400 ml,Ropa,,7791130001748,Unidad,0,0,2300.0,,0,0,0,0,1,,11,,,,,
Detergente MAGISTRAL 500 ml,Cocina,,7790990003039,Unidad,0,0,3500.0,,0,0,0,0,1,,2,,,,,
Detergente MAGISTRAL 300 ml,Cocina,,7790990003022,Unidad,0,0,2300.0,,0,0,0,0,1,,0,,,,,
Canasta inodoro repuesto,Baño,,,Unidad,0,0,1400.0,,0,0,0,0,0,,0,,,,,
Bloque adherente inodoro PATO,Baño,,,Unidad,0,0,2200.0,,0,0,0,0,0,,0,,,,,
Limpiador polvo ODEX 400 g,Hogar,,7791905004486,Unidad,0,0,4000.0,,0,0,1,0,1,,10,,,,,
Jabon liquido SKIP 500 ml (para diluir),Ropa,,7791290792838,Unidad,0,0,6800.0,,0,0,1,0,1,,3,,,,,
Alcohol FRAU 96% 4.5 Lts,Hogar,289,,Unidad,0,0,11400.0,,0,0,0,0,1,,2.2,,,,,
Jabon Pan GIGANTE 150 gr,Hogar,290,,Unidad,0,0,800.0,,0,0,0,0,0,,0,,,,,
Toalla intercadala LUXE Blanca cod. 2112,Profesional,,,Unidad,0,0,10500.0,,0,0,0,0,1,,2,,,,,
Balde Mopa trapeador 360°,Hogar,,7798024458251,Unidad,0,0,32000.0,,0,0,0,0,1,,3,,,,,
Dispenser detergente 600cc,Hogar,,,Unidad,0,0,4800.0,,0,0,0,0,1,,5,,,,,
Pastilla inodoro para mochila  MR GOLD 50gr,Baño,,,Unidad,0,0,2800.0,,0,0,0,0,0,,0,,,,,
Pulverizador 250 ml,Hogar,,,Unidad,0,0,2100.0,,0,0,0,0,1,,14,,,,,
Pulverizador 500 ml,Hogar,,,Unidad,0,0,2400.0,,0,0,0,0,1,,6,,,,,
Envase con valvula 250 ml,Hogar,,,Unidad,0,0,2300.0,,0,0,0,0,1,,18,,,,,
Envase con valvula 500 ml,Hogar,,,Unidad,0,0,2600.0,,0,0,0,0,1,,7,,,,,
Botellon vidrio 1900 cc,Hogar,,,Unidad,0,0,7000.0,,0,0,0,0,1,,3,,,,,
Rollo cocina SUSSEX 200 paños,Cocina,,,Unidad,0,0,2200.0,,0,0,0,0,0,,0,,,,,
Repelente para mosquitos AKTIOL 143ml/90g,Hogar,,7791905024927,Unidad,0,0,4200.0,,0,0,0,0,1,,10,,,,,
Rollo de cocina ELEGANTE 3x60 ,Cocina,,7793344904853,Unidad,0,0,2400.0,,0,0,1,0,0,,1,,,,,
BAYGON aerosol Mata Cucaracha y araña,Hogar,,7790520999436,Unidad,0,0,4100.0,,0,0,0,0,1,,1,,,,,
Rollo cocina ELEGANTE x 360 paños,Cocina,,7793344009237,Unidad,0,0,4000.0,,0,0,1,0,1,,3,,,,,
Papel higienico ELITE Doble Hoja 4x50mts,Hogar,,7790250026075,Unidad,0,0,3500.0,,0,0,0,0,0,,0,,,,,
Jabón líquido ALA 500ml Para diluir,Ropa,291,7791290795495,Unidad,0,0,5500.0,,0,0,1,0,1,,3,,,,,
Lysoform desinfectante 360cc,Hogar,292,7790520995315|7790520995322|7790520995292,Unidad,0,0,3200.0,,0,0,0,0,1,,6,,,,,
Pastilla inodoro GLADE Lavanda,Hogar,293,,Unidad,0,0,1400.0,,0,0,0,0,0,,0,,,,,
Papel higiénico CARREFOUR 18x30mts,Baño,294,,Unidad,0,0,9000.0,,0,0,0,0,0,,0,,,,,
Escoba de paja,Escobas,295,,Unidad,0,0,4500.0,,0,0,0,0,1,,0,,,,,
Lustramueble CERAMICOL 360 cm3,Hogar,296,,Unidad,0,0,3500.0,,0,0,0,0,0,,0,,,,,
Lustramueble CIF Ultra Brillo repuesto 380 ml,Hogar,297,7791290792777,Unidad,0,0,3100.0,,0,0,1,0,1,,2,,,,,
Cepillo lava espalda,Baño,298,7798092962926,Unidad,0,0,3500.0,,0,0,0,0,1,,0,,,,,
Jabon pan ZORRO,Hogar,299,,Unidad,0,0,1100.0,,0,0,0,0,0,,0,,,,,
Mate imperial liso,Hogar,,,Unidad,0,0,20700.0,,0,0,0,0,1,,2,,,,,
Mate imperial Acero termico,Hogar,,,Unidad,0,0,19300.0,,0,0,0,0,1,,-1,,,,,
Mate imperial Calabaza,Hogar,,,Unidad,0,0,16500.0,,0,0,0,0,1,,0,,,,,
Mate Camionero algarrobo,Hogar,,,Unidad,0,0,17900.0,,0,0,0,0,1,,2,,,,,
Canasta cuerina para mate,Hogar,,,Unidad,0,0,8500.0,,0,0,0,0,1,,0,,,,,
Porta mate cuerina,Hogar,,,Unidad,0,0,5500.0,,0,0,0,0,1,,2,,,,,
Yerbero y azucarero,Hogar,,,Unidad,0,0,7000.0,,0,0,0,0,1,,3,,,,,
Tabla grande con pala,Hogar,,,Unidad,0,0,13500.0,,0,0,0,0,1,,1,,,,,
Tabla chica con pala,Hogar,,,Unidad,0,0,10000.0,,0,0,0,0,1,,0,,,,,
Luz mate,Hogar,,,Unidad,0,0,6500.0,,0,0,0,0,1,,1,,,,,
Termo media manija,Hogar,,7892022520078,Unidad,0,0,16000.0,,0,0,0,0,1,,1,,,,,
Shampoo Pulguicida,Hogar,300,2509041921292,,0,0,1500.0,,0,0,0,0,1,,3.5,,,,,
Papel Higienico ELEGANTE 6x30mts,Baño,301,7793344904990,Unidad,0,0,2900.0,,0,0,1,0,1,,4,,,,,
Papel Higienico HIGIENOL 4x80 mts,Baño,302,,Unidad,0,0,3900.0,,0,0,0,0,0,,0,,,,,
Rollo cocina ELEGANTE 3x50 paños,Cocina,303,7793344904013,Unidad,0,0,1900.0,,0,0,1,0,1,,0,,,,,
Cesto basura con pedal ,Hogar,304,7791231110004,Unidad,0,0,12900.0,,0,0,0,0,1,,1,,,,,
Papel higiénico ARO 18x30mts S/H,Baño,305,7796613020827,Unidad,0,0,8800.0,,0,0,1,0,1,,3,,,,,
Papel higiénico ARO 12x30mts D/H,Baño,306,7796613310638,Unidad,0,0,9400.0,,0,0,1,0,1,,0,,,,,
Jabon pan ARGENTINO 150gr,Hogar,307,7794218106854,Unidad,0,0,800.0,,0,0,0,0,1,,1,,,,,
Jabon Pan SEISEME 300gr,Hogar,308,7796311000022,Unidad,0,0,2000.0,,0,0,0,0,1,,0,,,,,
Pañuelos descartables ELEGANTE ,Hogar,309,7793344019823,Unidad,0,0,1500.0,,0,0,1,0,1,,1,,,,,
Yerba CHAMIGO 1 kg,Hogar,310,7790070509017,Unidad,0,0,2800.0,,0,0,0,0,1,,4,,,,,
Escoba Cuyen MAPUCHE c/cabo,Hogar,311,7798143243035,Unidad,0,0,3400.0,,0,0,1,0,1,,3,,,,,
Mopa micro fibra MAKE,Hogar,312,7798092968881,Unidad,0,0,4200.0,,0,0,0,0,1,,3,,,,,
Mopa algodon NUVIA ,Hogar,313,7798413490015,Unidad,0,0,2500.0,,0,0,0,0,1,,0,,,,,
Cabo metalico 120 cm,Hogar,314,7798143245039,Unidad,0,0,1500.0,,0,0,0,0,1,,2,,,,,
Servilleta Alumax 18x18 cm,Profesional,315,9992018106618,Caja,0,0,6500.0,,0,0,0,0,1,,10,,,,,
Acido Citrico 100gr,Virales,316,2508121159532,100 gr,0,0,1200.0,,0,0,0,0,1,,393,,,,,
Percarbonato de Sodio 100gr,Virales,317,2508121141582,100 gr,0,0,1300.0,,0,0,0,0,1,,243,,,,,
Papel Higienico M&K 4x80 mts ,Baño,318,7796613025655,Unidad,0,0,3600.0,,0,0,0,0,0,,0,,,,,
Jabon Liquido Tipo Ariel ,Hogar,319,2509022016580,Litro ,0,0,1000.0,,0,0,0,0,1,,25,,,,,
Jabon liquido Tipo Ala ,Hogar,320,2508081729318,Litro ,0,0,1000.0,,0,0,0,0,1,,-0.5,,,,,
Suavizante Tipo Comfort ,Hogar,321,2508081742232,Litro ,0,0,1000.0,,0,0,0,0,1,,310.5,,,,,
Desodorante piso MARINO,Hogar,322,2508081747442,Litro ,0,0,500.0,,0,0,0,0,1,,13,,,,,
Desodorante piso CITRONELLA,Hogar,323,2508081748159,Litro ,0,0,500.0,,0,0,0,0,1,,-57,,,,,
Desodorante piso LYSOFORM,Hogar,324,2508081749125,Litro ,0,0,500.0,,0,0,0,0,1,,-118,,,,,
Desodorante piso PINO,Hogar,325,2508081749507,Litro ,0,0,500.0,,0,0,0,0,1,,34,,,,,
Desodorante piso CHICLE,Hogar,326,2508081750114,Litro ,0,0,500.0,,0,0,0,0,1,,-5,,,,,
Desodorante piso COLONIA,Hogar,327,2508081750305,Litro ,0,0,500.0,,0,0,0,0,1,,30,,,,,
Cabo madera 180 cm,Escobas,328,,Unidad,0,0,3000.0,,0,0,0,0,1,,5,,,,,
Pastillas inodoro HARPIC 20gr,Baño,329,7791130003582,Unidad,0,0,1800.0,,0,0,0,0,1,,12,,,,,
Escoba ERPEN c/cabo ,Escobas,330,7795513058817,Unidad,0,0,3600.0,,0,0,0,0,1,,-1,,,,,
Esponja antihaderente MAKE,Cocina,331,7798092961752,Unidad,0,0,1300.0,,0,0,0,0,1,,19,,,,,
Esponja acero MAKE 15gr,Cocina,332,7798092964012,Unidad,0,0,700.0,,0,0,0,0,1,,25,,,,,
Virulana de acero NUVIA,Hogar,333,7798059380220,Unidad,0,0,1000.0,,0,0,0,0,1,,3,,,,,
Pala c/cabo EURO con goma ,Hogar,334,7793071000163,Unidad,0,0,4400.0,,0,0,0,0,0,,0,,,,,
Escobilla baño con base,Baño,335,7798143244131,Unidad,0,0,4900.0,,0,0,0,0,1,,1,,,,,
Plumero de microfibra,Hogar,337,7791625008474,Unidad,0,0,5000.0,,0,0,1,0,1,,5,,,,,
Alguicida WATER DAY,Pileta,338,2509171713187,Litro,0,0,6000.0,,0,0,1,0,1,,-4,,,,,
Clarificante WATER DAY,Pileta,339,2509171714580,Litro ,0,0,6000.0,,0,0,1,0,1,,-2,,,,,
Boya pileta ,Pileta,340,2510081858233,Unidad,4500,66.6667,7500.0,,0,0,1,0,1,,0,,,,,
Pala c/cabo sin goma EURO,Hogar,341,7793071000118,Unidad,1800,100,3600.0,,0,0,1,0,1,,2,,,,,
Papel Higienico HIGIENOL 4x50mt,Baño,342,7790250015864,Unidad,0,0,3700.0,,0,0,1,0,0,,0,,,,,
Servilleta clasica SUSSEX 80 un,Cocina,343,7790250057765,Unidad,0,0,1900.0,,0,0,1,0,1,,3,,,,,
Rollo cocina ELEGANTE 200 paños,Cocina,344,7793344009206,Unidad,0,0,3000.0,,0,0,1,0,1,,5,,,,,
Trapo de piso Rayado FIBRAN,Hogar,345,7798136920967,Unidad,0,0,1900.0,,0,0,1,0,1,,6,,,,,
Balde 13 Lts ,Hogar,346,7793071001825,Unidad,0,0,3500.0,,0,0,1,0,1,,8,,,,,
Pala c/ cabo NUVIA,Hogar,347,7798065720102,Unidad,0,0,2600.0,,0,0,1,0,1,,1,,,,,
Barre hojas HARAGAN,Hogar,348,7796753000109,Unidad,0,0,1600.0,,0,0,1,0,1,,0,,,,,
Cepillo para zapatos MAKE,Hogar,349,7798092964760,Unidad,0,0,5000.0,,0,0,1,0,1,,1,,,,,
Paño microfibra (pack x 3) ,Hogar,350,7798024459302,Unidad,0,0,4400.0,,0,0,1,0,1,,7,,,,,
Trapo de piso LA PONDEROSA Clasico ,Hogar,351,7790927812673,Unidad,0,0,2000.0,,0,0,1,0,1,,8,,,,,
Trapo de piso MEDIA NARANJA Ref G,Hogar,352,7790927812918,Unidad,0,0,2500.0,,0,0,1,0,1,,9,,,,,
Rollo cocina SUSSEX 3x50 ,Cocina,353,7790250057055,Unidad,0,0,2200.0,,0,0,1,0,1,,2,,,,,
Chaw Sarro ,Virales,354,781718645973,Unidad,0,0,2000.0,,0,0,1,0,1,,104,,,,,
Pastillas Mata mosquitos RAID,Hogar,355,7790520995377,Unidad,0,0,4000.0,,0,0,1,0,1,,-6,,,,,
Cepillo a vapor quita pelos,Hogar,356,6918031630186,Unidad,0,0,6000.0,,0,0,1,0,1,,11,,,,,
Suavizante Tipo Downy,Ropa,357,2511191715584,Litro ,0,0,1000.0,,0,0,0,0,1,,47,,,,,
Lava llantas profesional,Auto,358,7798143241055,Unidad,0,0,9000.0,,0,0,1,0,1,,2,,,,,
Limpia vidrio Extensible ,Hogar,359,7798143241048,Unidad,0,0,9000.0,,0,0,1,0,1,,2,,,,,
Escobillon Pucara MAPUCHE c/cabo ,Escobas,360,7798143242151,Unidad,0,0,3800.0,,0,0,1,0,1,,6,,,,,
Limpia vidrio eco 30 cm ,Hogar,361,7798065720423,Unidad,0,0,3200.0,,0,0,1,0,1,,1,,,,,
Trapo de piso microfibra,Hogar,362,7798024452495,Unidad,0,0,4400.0,,0,0,1,0,1,,7,,,,,
Pastilla limpa lavarropa | Washing Machine Cleaner,Virales,363,E003LJXWM8,Unidad,0,0,2500.0,,0,0,0,0,1,,-60,,,,,
Esponja Magica Dawson,Virales,364,2511281725080,Unidad,0,0,2000.0,,0,0,1,0,1,,63,,,,,
Espirales Mosquitos Country RAID (Morado) ,Hogar,365,7790520029096,Unidad,0,0,3500.0,,0,0,1,0,1,,3,,,,,
Rollo cocina ELEGANTE 3x100 ,Cocina,366,,Unidad,0,0,3800.0,,0,0,1,0,1,,5,,,,,
Tableta mata mosquitos FUYI x24,,367,7790520025845,Unidad,0,0,5500.0,,0,0,1,0,0,,0,,,,,
Papel Higienico ELEGANTE 4x30mts ,Hogar,368,7793344904143,Unidad,0,0,2000.0,,0,0,1,0,1,,6,,,,,
Esponja Magica EsfreBom ,Virales,369,7896001045712,Unidad,0,0,3000.0,,0,0,1,0,1,,20,,,,,
Mata yuyo ,Venenos,370,2512092024126,Unidad,0,0,7000.0,,0,0,1,0,1,,4,,,,,
Pastillas Cloro 50gr c/u ,Hogar,371,2512101803094,Unidad,0,0,1500.0,,0,0,0,0,1,,30,,,,,
Secador doble goma MAPUCHE 35cm,Secadores,372,7798143246043,Unidad,0,0,3500.0,,0,0,1,0,1,,3,,,,,
Secador doble goma MAPUCHE 42cm ,Secadores,373,7798143246036,Unidad,0,0,4500.0,,0,0,1,0,1,,3,,,,,
Pack 20 bolsas 50x70 ,Hogar,374,7794459002847,Unidad,0,0,1800.0,,0,0,1,0,1,,19,,,,,
Pack 20 bolsa 45x60 ,Hogar,375,7794459002823,Unidad,0,0,1500.0,,0,0,1,0,1,,28,,,,,
